https://youtu.be/D_p58o6RJ88,65,30
https://www.youtube.com/watch?v=cdr7THH0zo8,2150,32
https://youtu.be/HB2rTRR3jrA,6363,28
https://youtu.be/D_p58o6RJ88,42,31
https://youtu.be/tzkYa44ral8,1,12
https://youtu.be/HB2rTRR3jrA,2822,12
https://youtu.be/HB2rTRR3jrA,68,16
https://youtu.be/HB2rTRR3jrA,5420,14
https://youtu.be/D_p58o6RJ88,17,32
https://youtu.be/Urc4RlYg7tE,837,22
https://youtu.be/1a2chkYgBGQ,1205,14
https://youtu.be/1a2chkYgBGQ,1215,16
https://youtu.be/1a2chkYgBGQ,1200,13
https://youtu.be/HB2rTRR3jrA,3930,25
https://youtu.be/Yd1jS1Zf5-o,52,24
https://youtu.be/HB2rTRR3jrA,2093,19
https://youtu.be/HB2rTRR3jrA,3973,81
https://youtu.be/HB2rTRR3jrA,4308,22
https://youtu.be/HB2rTRR3jrA,4447,53
https://youtu.be/HB2rTRR3jrA,2177,6
https://youtu.be/SFxSz8Yqy9w,606,40
https://youtu.be/D_p58o6RJ88,263,34
https://youtu.be/HB2rTRR3jrA,5587,32
https://youtu.be/HB2rTRR3jrA,4813,63
https://youtu.be/HB2rTRR3jrA,585,10
https://youtu.be/HB2rTRR3jrA,2639,35
https://youtu.be/SFxSz8Yqy9w,606,40
https://youtu.be/D_p58o6RJ88,263,34
https://youtu.be/HB2rTRR3jrA,5587,32
https://youtu.be/HB2rTRR3jrA,4813,63
https://youtu.be/HB2rTRR3jrA,585,10
https://youtu.be/HB2rTRR3jrA,2639,35
https://youtu.be/vhII1qlcZ4E,43,17
https://youtu.be/hr2UBTKOxy4,0,20
https://youtu.be/HB2rTRR3jrA,5287,44
https://youtu.be/jueRALJJ1CY,15,23
https://youtu.be/mU3nNT4rcFg,39,23
https://youtu.be/d5nfXqffvyc,594,26
https://youtu.be/HB2rTRR3jrA,241,30
https://youtu.be/HB2rTRR3jrA,5034,58
https://youtu.be/Yd1jS1Zf5-o,71,40
https://youtu.be/HB2rTRR3jrA,2991,31
https://youtu.be/HB2rTRR3jrA,4915,40
https://youtu.be/HB2rTRR3jrA,5822,24